omega,m_1,m_2,m_3,m_4,m_5,m_6,m_7,m_8
0.0,-279.5671076450512,-279.5671076450512,108.42628829515344,108.42628829515357,-279.56710764505124,-279.56710764505124,108.42628829515351,108.4262882951537
492.0,289.8458331446392,338.8912720852268,1032.089688443237,1136.0650319927372,296.0348054900807,296.0348054900807,737.7142664160764,737.7142664160764
